{"cameraMode":{"drawMode":0,"name":"Shaded","section":"Shading Mode"},"sceneLighting":false,"audioPlay":false,"sceneViewState":{"showFog":true,"showMaterialUpdate":false,"showSkybox":false,"showFlares":true,"showImageEffects":true,"showParticleSystems":true},"in2DMode":false,"pivot":{"x":0.0,"y":0.2831652760505676,"z":1.1920928955078126e-7},"rotation":{"x":0.4295468032360077,"y":0.006770777516067028,"z":-0.003224947489798069,"w":0.9030259251594544},"size":6.592733860015869,"orthographic":false}