{"cameraMode":{"drawMode":0,"name":"Shaded","section":"Shading Mode"},"sceneLighting":false,"audioPlay":false,"sceneViewState":{"showFog":true,"showMaterialUpdate":false,"showSkybox":false,"showFlares":true,"showImageEffects":true,"showParticleSystems":true},"in2DMode":false,"pivot":{"x":-1.5985701084136963,"y":0.5384315252304077,"z":2.870756149291992},"rotation":{"x":-0.21949419379234315,"y":-0.21872307360172273,"z":0.04792790859937668,"w":-0.949979841709137},"size":2.8578836917877199,"orthographic":false}