{"cameraMode":{"drawMode":0,"name":"Shaded","section":"Shading Mode"},"sceneLighting":false,"audioPlay":false,"sceneViewState":{"showFog":true,"showMaterialUpdate":false,"showSkybox":false,"showFlares":true,"showImageEffects":true,"showParticleSystems":true},"in2DMode":false,"pivot":{"x":497.71734619140627,"y":315.99163818359377,"z":-0.9534955024719238},"rotation":{"x":-0.12098674476146698,"y":0.05857643485069275,"z":-0.007339829578995705,"w":-0.9909616112709045},"size":3.9773402214050295,"orthographic":false}