{"cameraMode":{"drawMode":0,"name":"Shaded","section":"Shading Mode"},"sceneLighting":false,"audioPlay":false,"sceneViewState":{"showFog":true,"showMaterialUpdate":false,"showSkybox":false,"showFlares":true,"showImageEffects":true,"showParticleSystems":true},"in2DMode":false,"pivot":{"x":418.6670837402344,"y":179.84133911132813,"z":-34.01715087890625},"rotation":{"x":-0.05526271089911461,"y":0.08735204488039017,"z":-0.004818399902433157,"w":-0.9946612119674683},"size":481.66754150390627,"orthographic":false}