{"cameraMode":{"drawMode":0,"name":"Shaded","section":"Shading Mode"},"sceneLighting":false,"audioPlay":false,"sceneViewState":{"showFog":true,"showMaterialUpdate":false,"showSkybox":false,"showFlares":true,"showImageEffects":true,"showParticleSystems":true},"in2DMode":false,"pivot":{"x":-0.01687043532729149,"y":2.5537517070770265,"z":1.4732682704925538},"rotation":{"x":0.0017731633270159364,"y":-0.9815860986709595,"z":0.19081543385982514,"w":0.009125196374952793},"size":3.1464946269989015,"orthographic":false}