{"cameraMode":{"drawMode":0,"name":"Shaded","section":"Shading Mode"},"sceneLighting":false,"audioPlay":false,"sceneViewState":{"showFog":true,"showMaterialUpdate":false,"showSkybox":false,"showFlares":true,"showImageEffects":true,"showParticleSystems":true},"in2DMode":false,"pivot":{"x":-9.880001068115235,"y":2.2080001831054689,"z":-5.069999694824219},"rotation":{"x":-0.014986283145844937,"y":0.0419829785823822,"z":0.0006291385507211089,"w":0.9990094900131226},"size":40.0103759765625,"orthographic":false}