{"cameraMode":{"drawMode":0,"name":"Shaded","section":"Shading Mode"},"sceneLighting":false,"audioPlay":false,"sceneViewState":{"showFog":true,"showMaterialUpdate":false,"showSkybox":false,"showFlares":true,"showImageEffects":true,"showParticleSystems":true},"in2DMode":false,"pivot":{"x":62.32155227661133,"y":141.12509155273438,"z":116.83747863769531},"rotation":{"x":0.08652825653553009,"y":-0.8958285450935364,"z":0.3872324228286743,"w":0.20023897290229798},"size":2.8338632583618166,"orthographic":false}