{"cameraMode":{"drawMode":0,"name":"Shaded","section":"Shading Mode"},"sceneLighting":false,"audioPlay":false,"sceneViewState":{"showFog":true,"showMaterialUpdate":false,"showSkybox":false,"showFlares":true,"showImageEffects":true,"showParticleSystems":true},"in2DMode":false,"pivot":{"x":-4.583661079406738,"y":-2.6260929107666017,"z":-5.624843597412109},"rotation":{"x":-0.25063276290893557,"y":-0.21843285858631135,"z":0.0555056668817997,"w":-0.9418946504592896},"size":22.553346633911134,"orthographic":false}