{"cameraMode":{"drawMode":0,"name":"Shaded","section":"Shading Mode"},"sceneLighting":false,"audioPlay":false,"sceneViewState":{"showFog":true,"showMaterialUpdate":false,"showSkybox":false,"showFlares":true,"showImageEffects":true,"showParticleSystems":true},"in2DMode":false,"pivot":{"x":-0.1512807011604309,"y":0.8975660800933838,"z":0.3295857310295105},"rotation":{"x":-0.05901661142706871,"y":-0.7415354251861572,"z":0.06579599529504776,"w":-0.665086030960083},"size":8.926870346069336,"orthographic":false}