{"cameraMode":{"drawMode":0,"name":"Shaded","section":"Shading Mode"},"sceneLighting":false,"audioPlay":false,"sceneViewState":{"showFog":true,"showMaterialUpdate":false,"showSkybox":false,"showFlares":true,"showImageEffects":true,"showParticleSystems":true},"in2DMode":false,"pivot":{"x":507.0309753417969,"y":318.242431640625,"z":4.676034927368164},"rotation":{"x":-0.30015644431114199,"y":-0.08237788081169129,"z":0.025833263993263246,"w":-0.9500418305397034},"size":5.8336310386657719,"orthographic":false}