{"cameraMode":{"drawMode":0,"name":"Shaded","section":"Shading Mode"},"sceneLighting":false,"audioPlay":false,"sceneViewState":{"showFog":true,"showMaterialUpdate":false,"showSkybox":false,"showFlares":true,"showImageEffects":true,"showParticleSystems":true},"in2DMode":false,"pivot":{"x":-0.05904817208647728,"y":29.044736862182618,"z":-9.838406562805176},"rotation":{"x":0.013490806333720684,"y":0.035988908261060718,"z":-0.00048780819633975625,"w":0.9992662072181702},"size":2.8578836917877199,"orthographic":false}