{"cameraMode":{"drawMode":0,"name":"Shaded","section":"Shading Mode"},"sceneLighting":false,"audioPlay":false,"sceneViewState":{"showFog":true,"showMaterialUpdate":false,"showSkybox":false,"showFlares":true,"showImageEffects":true,"showParticleSystems":true},"in2DMode":false,"pivot":{"x":95.62678527832031,"y":259.04486083984377,"z":100.88070678710938},"rotation":{"x":0.23667395114898683,"y":-0.7101510167121887,"z":0.27955853939056399,"w":0.6013383269309998},"size":38.9470100402832,"orthographic":false}