{"cameraMode":{"drawMode":0,"name":"Shaded","section":"Shading Mode"},"sceneLighting":false,"audioPlay":false,"sceneViewState":{"showFog":true,"showMaterialUpdate":false,"showSkybox":false,"showFlares":true,"showImageEffects":true,"showParticleSystems":true},"in2DMode":false,"pivot":{"x":-0.0000019073486328125,"y":0.16593050956726075,"z":0.0},"rotation":{"x":0.4295468032360077,"y":0.006770777516067028,"z":-0.003224947489798069,"w":0.9030259251594544},"size":4.666904449462891,"orthographic":false}