{"cameraMode":{"drawMode":0,"name":"Shaded","section":"Shading Mode"},"sceneLighting":true,"audioPlay":false,"sceneViewState":{"showFog":true,"showMaterialUpdate":false,"showSkybox":false,"showFlares":true,"showImageEffects":true,"showParticleSystems":true},"in2DMode":false,"pivot":{"x":-1.663553237915039,"y":0.8100649118423462,"z":1.9446768760681153},"rotation":{"x":-0.3679136633872986,"y":0.5790090560913086,"z":-0.3279877305030823,"w":-0.6494839787483215},"size":11.608159065246582,"orthographic":false}