{"cameraMode":{"drawMode":0,"name":"Shaded","section":"Shading Mode"},"sceneLighting":false,"audioPlay":false,"sceneViewState":{"showFog":true,"showMaterialUpdate":false,"showSkybox":false,"showFlares":true,"showImageEffects":true,"showParticleSystems":true},"in2DMode":false,"pivot":{"x":-316.4000244140625,"y":167.63429260253907,"z":137.7200927734375},"rotation":{"x":-0.4874277412891388,"y":-0.0357292965054512,"z":0.01912008970975876,"w":-0.8725765943527222},"size":53.453025817871097,"orthographic":false}