{"cameraMode":{"drawMode":0,"name":"Shaded","section":"Shading Mode"},"sceneLighting":false,"audioPlay":false,"sceneViewState":{"showFog":true,"showMaterialUpdate":false,"showSkybox":false,"showFlares":true,"showImageEffects":true,"showParticleSystems":true},"in2DMode":false,"pivot":{"x":86.61770629882813,"y":262.2857971191406,"z":104.02796936035156},"rotation":{"x":0.23667395114898683,"y":-0.7101510167121887,"z":0.27955853939056399,"w":0.6013383269309998},"size":32.82555389404297,"orthographic":false}