{"cameraMode":{"drawMode":0,"name":"Shaded","section":"Shading Mode"},"sceneLighting":false,"audioPlay":false,"sceneViewState":{"showFog":true,"showMaterialUpdate":false,"showSkybox":false,"showFlares":true,"showImageEffects":true,"showParticleSystems":true},"in2DMode":false,"pivot":{"x":-12.54971694946289,"y":3.937594413757324,"z":141.39425659179688},"rotation":{"x":-0.2662155330181122,"y":-0.013105513527989388,"z":0.0034244072157889606,"w":-0.9641528129577637},"size":17.031198501586915,"orthographic":false}