{"cameraMode":{"drawMode":0,"name":"Shaded","section":"Shading Mode"},"sceneLighting":false,"audioPlay":false,"sceneViewState":{"showFog":true,"showMaterialUpdate":false,"showSkybox":false,"showFlares":true,"showImageEffects":true,"showParticleSystems":true},"in2DMode":false,"pivot":{"x":2.2954628467559816,"y":1.967439889907837,"z":-2.450211763381958},"rotation":{"x":0.08020219206809998,"y":0.6916799545288086,"z":-0.07770615816116333,"w":0.7135785818099976},"size":2.8578836917877199,"orthographic":false}