{"cameraMode":{"drawMode":0,"name":"Shaded","section":"Shading Mode"},"sceneLighting":false,"audioPlay":false,"sceneViewState":{"showFog":true,"showMaterialUpdate":false,"showSkybox":false,"showFlares":true,"showImageEffects":true,"showParticleSystems":true},"in2DMode":false,"pivot":{"x":19.899991989135743,"y":6.269859313964844,"z":-62.719970703125},"rotation":{"x":-0.5153586268424988,"y":0.16333207488059998,"z":-0.10176396369934082,"w":-0.8354378342628479},"size":58.933101654052737,"orthographic":false}