{"cameraMode":{"drawMode":0,"name":"Shaded","section":"Shading Mode"},"sceneLighting":false,"audioPlay":false,"sceneViewState":{"showFog":true,"showMaterialUpdate":false,"showSkybox":false,"showFlares":true,"showImageEffects":true,"showParticleSystems":true},"in2DMode":false,"pivot":{"x":3.151764154434204,"y":0.6888336539268494,"z":-271.0239562988281},"rotation":{"x":0.325735867023468,"y":0.5696635842323303,"z":-0.26241782307624819,"w":0.7079788446426392},"size":49.01394271850586,"orthographic":false}