{"cameraMode":{"drawMode":0,"name":"Shaded","section":"Shading Mode"},"sceneLighting":true,"audioPlay":false,"sceneViewState":{"showFog":true,"showMaterialUpdate":false,"showSkybox":false,"showFlares":true,"showImageEffects":true,"showParticleSystems":true},"in2DMode":false,"pivot":{"x":0.953110933303833,"y":0.6812773942947388,"z":-43.830047607421878},"rotation":{"x":-0.3679136633872986,"y":0.5790090560913086,"z":-0.3279877305030823,"w":-0.6494839787483215},"size":146.4196319580078,"orthographic":false}