{"cameraMode":{"drawMode":0,"name":"Shaded","section":"Shading Mode"},"sceneLighting":false,"audioPlay":false,"sceneViewState":{"showFog":true,"showMaterialUpdate":false,"showSkybox":false,"showFlares":true,"showImageEffects":true,"showParticleSystems":true},"in2DMode":false,"pivot":{"x":196.87185668945313,"y":6.291199684143066,"z":-55.57191467285156},"rotation":{"x":-0.22797401249408723,"y":-0.749527096748352,"z":0.3208615779876709,"w":-0.5329110026359558},"size":55.02339172363281,"orthographic":false}