{"cameraMode":{"drawMode":0,"name":"Shaded","section":"Shading Mode"},"sceneLighting":false,"audioPlay":false,"sceneViewState":{"showFog":true,"showMaterialUpdate":false,"showSkybox":false,"showFlares":true,"showImageEffects":true,"showParticleSystems":true},"in2DMode":false,"pivot":{"x":88.93778991699219,"y":261.6338806152344,"z":108.88803100585938},"rotation":{"x":-0.3234240710735321,"y":0.6112021803855896,"z":-0.3022172152996063,"w":-0.6565913558006287},"size":14.172351837158204,"orthographic":false}