{"cameraMode":{"drawMode":0,"name":"Shaded","section":"Shading Mode"},"sceneLighting":false,"audioPlay":false,"sceneViewState":{"showFog":true,"showMaterialUpdate":false,"showSkybox":false,"showFlares":true,"showImageEffects":true,"showParticleSystems":true},"in2DMode":false,"pivot":{"x":499.5494384765625,"y":56.876861572265628,"z":-67.89102172851563},"rotation":{"x":0.023990865796804429,"y":0.024584949016571046,"z":0.0006238952628336847,"w":-0.9994453191757202},"size":190.51512145996095,"orthographic":false}