{"cameraMode":{"drawMode":0,"name":"Shaded","section":"Shading Mode"},"sceneLighting":false,"audioPlay":false,"sceneViewState":{"showFog":true,"showMaterialUpdate":false,"showSkybox":false,"showFlares":true,"showImageEffects":true,"showParticleSystems":true},"in2DMode":false,"pivot":{"x":635.4465942382813,"y":319.4619140625,"z":-3.2414722442626955},"rotation":{"x":0.047938037663698199,"y":-0.039871685206890109,"z":-0.0021218869369477035,"w":-0.9981158971786499},"size":5.8336310386657719,"orthographic":false}