{"cameraMode":{"drawMode":0,"name":"Shaded","section":"Shading Mode"},"sceneLighting":false,"audioPlay":false,"sceneViewState":{"showFog":true,"showMaterialUpdate":false,"showSkybox":false,"showFlares":true,"showImageEffects":true,"showParticleSystems":true},"in2DMode":false,"pivot":{"x":-7.049993991851807,"y":-11.710861206054688,"z":30.021883010864259},"rotation":{"x":-0.3598342835903168,"y":0.10380790382623673,"z":-0.04031997174024582,"w":-0.9263625741004944},"size":39.71297836303711,"orthographic":false}