{"cameraMode":{"drawMode":0,"name":"Shaded","section":"Shading Mode"},"sceneLighting":false,"audioPlay":false,"sceneViewState":{"showFog":true,"showMaterialUpdate":false,"showSkybox":false,"showFlares":true,"showImageEffects":true,"showParticleSystems":true},"in2DMode":false,"pivot":{"x":-27.307125091552736,"y":7.967255592346191,"z":3.6079044342041017},"rotation":{"x":0.022864675149321557,"y":-0.8826889991760254,"z":0.043888118118047717,"w":0.46768033504486086},"size":26.182281494140626,"orthographic":false}