{"cameraMode":{"drawMode":0,"name":"Shaded","section":"Shading Mode"},"sceneLighting":false,"audioPlay":false,"sceneViewState":{"showFog":true,"showMaterialUpdate":false,"showSkybox":false,"showFlares":true,"showImageEffects":true,"showParticleSystems":true},"in2DMode":false,"pivot":{"x":-13.459697723388672,"y":-5.442776679992676,"z":-8.284993171691895},"rotation":{"x":0.09278389066457749,"y":-0.8514829277992249,"z":0.16100271046161652,"w":0.4904685914516449},"size":22.0,"orthographic":false}