{"cameraMode":{"drawMode":0,"name":"Shaded","section":"Shading Mode"},"sceneLighting":true,"audioPlay":false,"sceneViewState":{"showFog":true,"showMaterialUpdate":false,"showSkybox":false,"showFlares":true,"showImageEffects":true,"showParticleSystems":true},"in2DMode":false,"pivot":{"x":-1.4303275346755982,"y":-3.0908944606781008,"z":11.226309776306153},"rotation":{"x":-0.30437183380126955,"y":-0.10914009064435959,"z":0.03513405844569206,"w":-0.945636510848999},"size":11.608159065246582,"orthographic":false}