{"cameraMode":{"drawMode":0,"name":"Shaded","section":"Shading Mode"},"sceneLighting":false,"audioPlay":false,"sceneViewState":{"showFog":true,"showMaterialUpdate":false,"showSkybox":false,"showFlares":true,"showImageEffects":true,"showParticleSystems":true},"in2DMode":false,"pivot":{"x":0.260959267616272,"y":1.5292479991912842,"z":0.36627396941185},"rotation":{"x":0.04233227297663689,"y":-0.9322919845581055,"z":0.11611409485340119,"w":0.3400958478450775},"size":3.2033119201660158,"orthographic":false}