{"cameraMode":{"drawMode":0,"name":"Shaded","section":"Shading Mode"},"sceneLighting":false,"audioPlay":false,"sceneViewState":{"showFog":true,"showMaterialUpdate":false,"showSkybox":false,"showFlares":true,"showImageEffects":true,"showParticleSystems":true},"in2DMode":false,"pivot":{"x":-0.35154250264167788,"y":-2.9266586303710939,"z":14.017967224121094},"rotation":{"x":0.22352732717990876,"y":0.5850732922554016,"z":-0.17198118567466737,"w":0.7604095935821533},"size":63.99140548706055,"orthographic":false}